packet_rate,packet_size,flow_duration,protocol,src_bytes,dst_bytes,connection_count,failed_connections,tcp_syn_count,tcp_ack_count,tcp_rst_count,inter_arrival_time,flow_bytes_per_sec,flow_packets_per_sec,payload_entropy,unique_dst_ports,unique_dst_ips,dns_requests,udp_ratio,syn_ack_ratio,attack_type,label
698.8424,70.3985,0.0912,TCP,152.9032,1211.0872,122,8,85,17,10,0.0226,16801.5109,441.5526,2.8666,17,27,1,0.808,0.3306,DDoS,Attack
74.0441,890.1504,7.2788,UDP,5628.6761,4456.7894,25,0,12,42,2,0.3267,3126.1961,84.1651,5.1771,5,2,7,0.0852,0.7658,Normal,Benign
1290.1755,206.9736,0.9232,UDP,2992.0411,1267.6938,98,7,53,3,12,0.0243,12068.6422,443.4507,1.7931,21,24,0,0.5488,0.3223,Scanning,Attack
149.393,913.4523,5.1341,UDP,4385.0742,6779.7784,10,0,4,44,0,0.2189,6605.4092,32.0663,4.3679,2,4,5,0.0027,0.9103,Normal,Benign
179.4378,606.5621,8.5788,TCP,7832.8788,6817.3404,4,3,7,43,3,0.2924,2360.4877,48.9709,4.3304,9,3,5,0.3089,0.7023,Normal,Benign
259.4275,534.6251,7.9203,TCP,615.9292,7655.3196,27,3,14,42,2,0.2859,9021.1003,46.6612,4.8064,9,5,8,0.2501,0.7422,Normal,Benign
218.9225,746.4337,1.5961,TCP,6185.2057,1490.9755,6,0,13,30,3,0.4316,5441.81,25.7584,4.7742,6,1,6,0.1494,0.5067,Normal,Benign
1350.0386,271.6543,0.256,TCP,2927.6948,334.364,110,27,77,8,10,0.0144,24678.1651,116.2001,1.99,43,36,0,0.7704,0.102,DoS,Attack
102.2679,613.5029,6.5873,TCP,7303.7012,3951.6273,7,1,2,31,3,0.4247,5799.2918,9.2168,4.4295,8,3,14,0.251,0.8239,Normal,Benign
185.362,1142.9833,4.1267,TCP,6190.779,2951.7547,5,3,10,46,3,0.055,2077.326,31.3931,5.9884,6,2,8,0.1542,0.5078,Normal,Benign
223.9461,335.2677,2.8822,TCP,8354.5889,3006.8592,11,0,12,24,0,0.3873,6327.9948,82.5848,3.1784,1,2,5,0.3745,0.6404,Normal,Benign
107.1375,676.1514,6.2168,TCP,9611.2105,3478.5103,13,1,7,44,4,0.3914,3949.457,32.0334,3.0095,4,4,6,0.2168,0.604,Normal,Benign
1165.9224,132.0382,0.7502,UDP,1651.6065,1336.8177,137,18,40,14,5,0.0113,11703.4755,736.9195,1.9506,24,34,2,0.9808,0.0864,BruteForce,Attack
295.5421,793.1747,5.8354,TCP,2659.8343,4906.8026,25,0,2,16,3,0.3903,2104.115,55.5019,3.8953,2,3,7,0.0882,0.7396,Normal,Benign
774.7218,295.4602,0.9608,UDP,2531.8894,1095.179,111,26,45,3,17,0.0169,26327.2406,843.4351,0.7631,58,34,2,0.9762,0.3145,DDoS,Attack
115.2073,811.6683,6.2629,TCP,3235.3314,884.6873,23,4,1,20,3,0.2616,6182.07,59.6041,3.9357,8,3,12,0.2469,0.8715,Normal,Benign
882.9269,265.1012,0.4248,UDP,2907.1828,1483.6567,101,7,61,16,13,0.003,20492.486,855.5148,2.9301,35,36,2,0.9397,0.1494,Mirai,Attack
1471.7121,112.5628,0.1514,UDP,2161.7622,924.6362,53,21,63,2,6,0.0133,19049.8212,983.6188,1.0712,27,22,3,0.9044,0.1086,BruteForce,Attack
189.5734,414.9208,2.6206,UDP,1821.6038,7751.2853,11,3,13,23,1,0.2234,7460.0347,9.2611,5.9146,4,1,11,0.266,0.9909,Normal,Benign
270.6591,525.0148,7.2685,TCP,1457.5487,340.4544,21,1,6,22,4,0.3395,8293.5863,47.8067,3.6622,2,3,13,0.1992,0.7252,Normal,Benign
735.9849,184.2706,0.6645,TCP,1636.5361,1419.3941,197,25,21,5,15,0.0271,24296.4432,665.4143,0.8395,47,22,2,0.6583,0.3614,DoS,Attack
756.0683,131.6628,0.4189,TCP,2150.9673,254.5687,142,19,56,2,7,0.0237,7160.6153,579.4083,0.7483,26,30,4,0.9082,0.0311,Scanning,Attack
225.0895,805.68,5.6371,UDP,6133.1476,6517.2129,4,1,2,44,2,0.112,9693.6808,42.0379,5.7878,5,2,13,0.356,0.6158,Normal,Benign
261.6653,514.7372,9.758,TCP,1471.0203,7708.1607,2,1,1,16,2,0.3484,8640.3024,74.3367,3.0916,8,2,8,0.0337,0.9713,Normal,Benign
610.8908,291.313,0.3923,TCP,1567.7015,176.0413,166,24,60,15,22,0.0204,18708.0146,296.5989,1.5354,59,13,6,0.6564,0.2086,BruteForce,Attack
151.127,965.9179,3.0146,TCP,8005.8041,5617.3138,13,1,7,27,4,0.1303,7527.4382,68.7396,4.5817,6,2,9,0.3445,0.7232,Normal,Benign
271.9425,514.4125,8.3961,TCP,718.7147,4314.0151,29,3,10,12,4,0.0631,3536.8349,29.5265,4.8976,1,4,10,0.3269,0.535,Normal,Benign
1395.7636,98.595,0.0807,UDP,1822.261,1279.7857,156,29,33,15,15,0.0086,14836.1962,336.9842,0.8677,15,20,1,0.991,0.1379,BruteForce,Attack
283.9087,780.8947,4.1286,TCP,7826.8434,7677.9151,7,2,10,20,1,0.1316,5110.9103,33.1891,5.4594,5,3,7,0.1754,0.8042,Normal,Benign
1063.2756,224.8781,0.4406,UDP,1417.3771,1320.8439,52,7,89,16,9,0.0288,24692.8254,610.4537,0.8251,53,10,4,0.6238,0.1658,Scanning,Attack
217.2471,650.6563,5.9384,UDP,1154.7546,5219.9103,13,2,2,33,4,0.231,7389.2627,95.6331,5.1992,9,3,7,0.0917,0.6872,Normal,Benign
195.1717,567.8717,5.8098,TCP,1234.5501,6144.576,14,2,2,28,4,0.4434,3568.6064,73.5324,4.5857,1,4,10,0.2188,0.6847,Normal,Benign
1104.4174,292.3842,0.1765,UDP,685.0183,1370.4048,54,19,85,18,16,0.0103,29488.771,166.8168,1.437,20,29,3,0.5099,0.1837,DoS,Attack
285.0334,348.1368,9.048,TCP,8484.1765,5206.6832,17,0,10,35,1,0.3755,9807.9333,5.1999,5.9716,6,5,13,0.2803,0.675,Normal,Benign
703.0612,60.2669,0.9435,TCP,354.8175,537.0055,103,7,24,11,21,0.0148,23128.8932,757.2215,1.6103,52,33,1,0.5957,0.2888,DDoS,Attack
120.9802,1062.4288,3.9709,TCP,1666.7024,7255.9014,17,1,8,41,0,0.1514,1733.3513,83.8108,5.9839,5,1,12,0.2616,0.6896,Normal,Benign
1098.8655,158.3802,0.6021,UDP,107.8616,576.4359,58,29,59,11,10,0.0151,13456.5776,158.0421,1.8635,18,37,6,0.9675,0.1958,DoS,Attack
1194.7849,236.0107,0.9232,UDP,438.4186,99.6308,148,28,95,16,22,0.0277,12717.4686,889.5155,0.7205,36,34,1,0.7153,0.1718,Mirai,Attack
162.106,909.0929,5.3303,TCP,2270.0484,697.2877,28,3,11,49,1,0.269,778.9595,29.386,3.1325,8,4,4,0.3646,0.6866,Normal,Benign
298.6144,734.2689,7.1901,UDP,8456.1625,5458.3645,24,3,8,46,1,0.3197,8318.1052,68.2027,4.0253,2,5,11,0.0118,0.816,Normal,Benign
93.9813,743.7231,5.6049,TCP,3655.3909,640.0739,13,2,9,42,4,0.321,2492.653,81.0337,4.8987,6,4,3,0.1424,0.5477,Normal,Benign
54.5188,374.956,2.4128,TCP,3458.7205,4829.6309,3,2,14,45,4,0.0603,4100.7577,67.9531,3.2071,1,4,13,0.0063,0.5518,Normal,Benign
173.4734,382.5337,4.3956,TCP,2660.2584,7995.0219,16,3,4,12,4,0.1949,9747.8452,13.7671,3.017,4,2,12,0.0309,0.5243,Normal,Benign
718.4404,64.5484,0.7887,TCP,2263.3261,368.2903,111,12,50,15,7,0.0184,15449.7483,578.1849,2.9503,24,26,7,0.6667,0.2165,BruteForce,Attack
141.6172,798.3327,8.8147,UDP,4103.4041,3943.7179,19,1,1,17,4,0.117,3316.6529,57.2104,5.4658,9,5,11,0.1419,0.713,Normal,Benign
236.0426,491.4551,1.7607,TCP,7570.3717,2708.9824,7,1,3,42,4,0.3629,9222.976,90.5305,5.4275,3,2,3,0.1699,0.774,Normal,Benign
824.345,109.9468,0.4079,UDP,2973.6955,215.645,62,21,86,19,24,0.017,18627.6382,486.2643,0.9208,58,29,6,0.6027,0.293,DDoS,Attack
127.0152,1003.1664,9.8763,TCP,7984.0039,5928.8823,9,0,5,48,0,0.4919,7716.0329,35.5027,5.1001,1,2,6,0.2388,0.6751,Normal,Benign
856.2978,95.7165,0.4233,TCP,1199.7629,1478.7826,174,12,99,14,13,0.0057,10685.2374,810.2448,2.5964,57,18,3,0.991,0.0486,DoS,Attack
177.2035,1137.8362,9.3164,TCP,1585.5394,1187.6716,28,1,9,22,0,0.4213,9062.3121,44.2042,4.1973,4,5,13,0.1489,0.8793,Normal,Benign
209.0832,1176.8234,3.125,TCP,4437.7935,3547.5725,28,2,10,11,3,0.2841,6690.8452,66.3791,5.1694,8,3,7,0.1332,0.5073,Normal,Benign
112.6155,1196.3381,7.8396,TCP,8703.4223,6424.1322,15,1,14,14,2,0.2181,3483.5776,66.4128,3.841,9,1,7,0.354,0.6036,Normal,Benign
197.4677,350.284,5.7814,TCP,9268.1222,6036.997,5,3,12,36,4,0.1051,2916.0588,89.3637,5.0622,4,5,8,0.1533,0.8566,Normal,Benign
294.7232,963.332,7.4846,TCP,4924.1512,722.5961,29,3,2,41,3,0.381,8282.9235,61.8758,3.0735,6,3,3,0.1974,0.6933,Normal,Benign
171.6855,791.3242,1.5611,TCP,5067.9513,3804.6064,22,4,2,30,4,0.1561,8858.3082,52.7046,3.9184,1,4,3,0.1133,0.8312,Normal,Benign
664.6559,61.929,0.1216,UDP,2418.6577,633.6976,60,16,27,16,18,0.0205,26172.9682,572.7158,1.0876,42,36,2,0.9952,0.0975,DDoS,Attack
158.5986,1171.7867,2.1981,TCP,6077.1481,5263.0092,20,4,9,47,3,0.0781,2821.2294,15.9951,4.8963,7,5,5,0.159,0.6954,Normal,Benign
984.83,89.6616,0.5576,UDP,640.5745,985.3285,116,28,95,4,22,0.0265,8523.9907,881.6964,1.8621,34,24,0,0.9706,0.1343,Scanning,Attack
211.2758,1053.2675,8.6,TCP,9171.1199,3108.1688,18,1,9,12,3,0.395,1328.2049,21.3256,5.0933,8,4,3,0.1013,0.6291,Normal,Benign
769.4123,135.4699,0.9175,TCP,1937.8998,241.8005,78,24,76,2,6,0.0168,10402.2613,960.242,1.9575,56,35,6,0.5057,0.2288,DDoS,Attack
744.1255,72.9498,0.6059,UDP,2732.8118,1355.8298,186,18,83,17,5,0.0194,7439.0628,122.6278,2.9993,32,30,7,0.7251,0.3945,Scanning,Attack
668.291,73.5392,0.7398,UDP,1016.9701,1052.2717,125,19,47,13,8,0.0074,26549.6727,725.0054,0.8763,30,23,2,0.9886,0.1659,DDoS,Attack
174.7983,500.3188,4.1873,TCP,821.852,4383.0415,12,4,5,11,0,0.3369,7526.8774,83.7567,5.0452,2,3,10,0.171,0.9263,Normal,Benign
193.001,656.9864,4.5745,UDP,3458.9951,3695.9476,22,4,13,32,4,0.2733,2316.974,99.17,3.3388,5,1,9,0.0825,0.7708,Normal,Benign
242.1385,1102.7072,1.9438,UDP,7914.7092,3414.538,17,2,9,11,3,0.1302,6330.8855,82.9012,5.5262,6,1,13,0.3199,0.8791,Normal,Benign
564.8922,54.2903,0.2448,UDP,2169.9691,1231.8289,54,21,56,12,20,0.0062,24674.2534,223.7714,2.3364,46,39,3,0.7777,0.1647,DoS,Attack
298.6376,761.9936,2.6406,UDP,2590.9235,6490.6227,22,1,4,26,1,0.496,5983.8724,55.5868,4.4348,5,1,3,0.3461,0.7075,Normal,Benign
746.8761,251.7282,0.311,TCP,1909.8945,147.4043,173,24,63,7,24,0.0103,13899.3343,248.3422,1.3146,33,39,4,0.7911,0.0815,Mirai,Attack
1196.3043,136.5761,0.2469,UDP,1665.3651,637.6097,87,8,75,13,7,0.0228,29451.5454,253.5237,2.4813,53,27,7,0.6022,0.131,BruteForce,Attack
1212.2706,166.1685,0.8843,TCP,1372.3596,771.3241,121,13,47,7,7,0.0088,24849.7429,953.2975,1.6536,20,23,7,0.7599,0.2187,Mirai,Attack
648.0869,212.4434,0.7691,UDP,1774.7102,1094.2937,182,10,98,17,13,0.0166,17431.3983,500.7215,2.327,26,19,1,0.537,0.2302,DoS,Attack
288.268,513.0167,3.0989,TCP,5794.401,3586.4913,27,2,4,17,0,0.3045,795.5982,81.7621,5.5902,4,3,3,0.1645,0.7999,Normal,Benign
766.781,287.2864,0.3052,TCP,1235.2981,253.0269,195,29,80,10,17,0.0041,26803.3925,675.645,2.6314,56,22,2,0.7584,0.378,BruteForce,Attack
188.1912,832.6999,5.2657,TCP,5583.1623,3514.7968,18,3,3,45,0,0.1244,1510.2654,49.3277,3.8775,5,1,13,0.2552,0.9343,Normal,Benign
911.037,115.2234,0.5233,TCP,293.1954,436.4227,109,26,97,4,12,0.0037,23960.6254,218.5241,2.7674,39,12,0,0.8154,0.1983,DDoS,Attack
533.0507,53.8261,0.5024,UDP,764.1736,1111.6676,77,25,21,7,6,0.029,23852.692,310.766,0.8309,18,39,0,0.7748,0.3733,Scanning,Attack
845.0712,283.3591,0.8398,TCP,1674.263,413.5595,130,25,92,1,8,0.0152,5448.642,808.0753,1.9825,30,15,6,0.8449,0.1756,DDoS,Attack
126.4243,640.1888,6.2578,TCP,4274.5221,1728.1414,12,4,13,40,3,0.364,2087.7541,85.9249,4.7498,3,2,8,0.0578,0.7923,Normal,Benign
1180.7055,184.8444,0.8256,UDP,1065.1658,766.6971,89,28,39,13,8,0.0109,21490.7342,336.4081,1.3837,28,17,7,0.7977,0.2049,DoS,Attack
1030.9346,220.9909,0.9696,UDP,2218.5925,881.2768,94,12,45,10,17,0.013,9040.4953,344.4119,1.6462,28,21,3,0.5861,0.0457,DoS,Attack
947.7832,203.9628,0.134,TCP,2111.7811,1265.2551,111,15,48,15,16,0.023,11387.3336,525.6074,0.595,21,22,6,0.9628,0.3059,DDoS,Attack
1052.8931,285.9729,0.8022,UDP,583.5192,636.3532,142,17,20,13,17,0.0226,28665.9489,985.4563,2.3647,46,20,4,0.5342,0.2716,BruteForce,Attack
148.6729,528.314,4.409,TCP,6437.2719,705.6655,29,4,11,26,1,0.1515,3733.6109,61.0771,3.6439,9,5,3,0.2395,0.7155,Normal,Benign
261.0533,664.6819,4.037,TCP,4088.3965,981.7843,12,1,1,25,3,0.2196,8730.6719,26.4965,4.2484,8,3,3,0.0804,0.7747,Normal,Benign
282.5042,814.3257,9.0968,TCP,8447.3657,589.4952,7,4,8,21,4,0.2578,2547.5338,41.5028,5.2788,8,2,14,0.2361,0.7666,Normal,Benign
67.604,966.8765,6.468,TCP,6080.8092,3994.3162,29,3,14,17,3,0.2664,3923.5893,47.7617,3.5635,6,4,9,0.1631,0.8184,Normal,Benign
102.2297,990.4754,3.1992,TCP,3293.4245,4771.8305,11,4,6,29,2,0.2458,1150.8014,60.0303,5.1594,4,1,3,0.1878,0.8741,Normal,Benign
217.7859,1040.5113,5.4842,TCP,7283.5624,2391.9897,1,3,7,12,1,0.4718,7749.9753,77.1383,5.6008,8,2,3,0.0113,0.6125,Normal,Benign
139.6617,969.7905,3.9731,TCP,5512.6534,3366.8129,6,3,9,25,2,0.3677,4378.9103,14.393,4.3618,3,1,5,0.084,0.7644,Normal,Benign
898.8244,252.801,0.6364,UDP,2357.8586,148.9621,82,10,31,17,23,0.0057,14768.2091,314.971,1.7823,44,20,4,0.6866,0.3542,DDoS,Attack
1316.4319,255.1599,0.9814,TCP,515.0712,1263.7645,55,15,39,5,9,0.0172,24958.6047,522.6776,0.7342,56,37,0,0.7818,0.0888,Mirai,Attack
1298.3451,206.4849,0.6277,UDP,693.1793,683.9304,196,17,72,4,23,0.0245,14298.3167,505.4188,2.3866,57,21,3,0.7253,0.2859,Scanning,Attack
650.7175,255.1067,0.6548,UDP,2170.7858,1377.4948,129,29,62,18,6,0.0225,16292.4205,525.6742,1.7298,27,15,5,0.836,0.3526,DDoS,Attack
1008.1988,212.8712,0.5771,UDP,1532.5463,1096.2226,141,5,69,19,14,0.0266,14934.5348,660.2677,1.2561,23,18,5,0.7918,0.2925,Scanning,Attack
227.2277,775.5331,8.6574,TCP,3676.4467,3898.2929,23,2,5,29,4,0.0532,9039.0502,54.9522,3.704,8,2,5,0.0448,0.5316,Normal,Benign
1358.3588,118.4903,0.7401,UDP,398.4565,1426.4949,108,13,76,7,15,0.0066,16026.804,502.7213,1.8061,53,13,0,0.6248,0.3011,Scanning,Attack
825.9589,103.6473,0.5701,UDP,1655.7959,625.1416,108,12,58,10,22,0.0265,9890.2318,526.8596,1.9068,50,12,1,0.501,0.186,BruteForce,Attack
154.9452,1180.1106,1.5009,TCP,3086.8676,5809.7605,14,1,13,39,4,0.1091,501.7898,66.3453,4.6899,5,1,5,0.377,0.7308,Normal,Benign
1211.1495,59.7408,0.9149,TCP,1425.3006,245.7519,62,26,62,19,13,0.01,7350.9026,583.3067,2.0144,50,25,6,0.5585,0.0814,DDoS,Attack
202.8784,590.4177,1.4647,TCP,5502.4954,2434.9455,29,1,1,29,0,0.4652,4202.7142,77.3811,5.7504,4,5,12,0.2882,0.8934,Normal,Benign
